{"name":"carshowroom","elements":[{"modelName":"imp_prop_impexp_parts_rack_03a","type":"object","position":{"x":1461.1246337890625,"y":3291.1005859375,"z":4.643490314483643},"rotation":{"x":0,"y":0,"z":-168.79971313476562},"scale":1},{"modelName":"apa_mp_h_lit_lightpendant_01","type":"object","position":{"x":1467.25927734375,"y":3285.3466796875,"z":10.643512725830078},"rotation":{"x":0,"y":0,"z":0},"scale":1},{"modelName":"prop_worklight_01a","type":"object","position":{"x":1458.1729736328125,"y":3281.766357421875,"z":4.698492527008057},"rotation":{"x":0,"y":0,"z":-126.40033721923828},"scale":1},{"modelName":"warehouse","type":"object","position":{"x":1453.011962890625,"y":3285.18603515625,"z":4.6676130294799805},"rotation":{"x":0,"y":0,"z":0},"scale":1}],"visible":false}