{"name":"dnzyped","visible":true,"elements":[{"modelName":"dnzyheykel","type":"object","position":{"x":-1930.65673828125,"y":173.36801147460938,"z":84.65435791015625},"rotation":{"x":0,"y":0,"z":0},"scale":1},{"modelName":"apa_mp_apa_crashed_usaf_01a","type":"object","position":{"x":-65.53336334228516,"y":-1086.015869140625,"z":26.422327041625977},"rotation":{"x":0,"y":0,"z":0},"scale":1}]}