{"name":"dnzyvinewood","elements":[{"modelName":"dnzydekor","type":"object","position":{"x":734.7184448242188,"y":1188.58154296875,"z":336.3174743652344},"rotation":{"x":0,"y":0,"z":-98.80023193359375},"scale":1}]}